Provincia,Denominazione_Strutture,Indirizzo,CAP,Comune,Descrizione_tipo_struttura,Email,Sito_web,Latitudine,Longitudine,Cordinate_comune,Codice_Comune
torino,OSPEDALE MARTINI,VIA TOFANE 71,10141,TORINO,Ospedale a gestione diretta,,WWW.ASL102.TO.IT,45.0670007,7.6285518,0,L219
torino,OSPEDALE OFTALMICO,VIA JUVARRA FILIPPO 19,10122,TORINO,Ospedale a gestione diretta,OFTALMICODIREZIONE@ASL1.TO.IT,,45.0677551,7.6824892,1,L219
torino,PINNA PINTOR SRL,VIA VESPUCCI AMERIGO 61,10100,TORINO,Casa di cura privata non accreditata,INFO@PINNAPINTOR.IT,WWW.PINNAPINTOR.IT,45.0677551,7.6824892,1,L219
torino,CLINICA SANTA CATERINA DA SIENA S.R.L.,VIA VILLA DELLA REGINA 19,10100,TORINO,Casa di cura privata non accreditata,,,45.0605473,7.7035173,0,L219
torino,SEDES SAPIENTIAE SRL,VIA BIDONE GIORGIO 31,10100,TORINO,Casa di cura privata non accreditata,,,45.0677551,7.6824892,1,L219
torino,CASA DI CURA FORNACA DISESSANT,CORSO VITTORIO EMANUELE II 91,10100,TORINO,Casa di cura privata non accreditata,CLINICA.FORNACA@ICTORINESI.IT,,45.0657126,7.6698257,0,L219
torino,CASA DI CURA KOELLIKER OSPEDALINO,CORSO FERRARIS GALILEO 255,10134,TORINO,Casa di cura privata accreditata,,,45.07089,7.6746541,0,L219
torino,PROMEA S.P.A.,VIA MENABREA FEDERICO 14,10126,TORINO,Casa di cura privata accreditata,INFO@PROMEA.NET,,45.0677551,7.6824892,1,L219
torino,CASA DI CURA CELLINI,VIA CELLINI BENVENUTO 5,10126,TORINO,Casa di cura privata accreditata,CLINICA.CELLINI@ICTORINESI.IT,,45.0677551,7.6824892,1,L219
torino,MOD CENTRO MEDICO CHIRURGICO,CORSO D'AZEGLIO MASSIMO 43,10126,TORINO,Casa di cura privata non accreditata,MODSRL@VIRGILIO.IT,,45.0677551,7.6824892,1,L219
torino,MEDICENTER S.R.L.,VIA FREIDOUR 1/B,10139,TORINO,Casa di cura privata non accreditata,MEDICENTER@TIN.IT,,45.0743127,7.6414383,0,L219
torino,PRESIDIO SANITARIO SAN CAMILLO,STRADA COMUNALE SANTA MARGHERITA 136,10100,TORINO,Istituto qualificato presidio della U.S.L.,G.MANZO@H-SANCAMILLO.TO.IT,,45.0677551,7.6824892,1,L219
torino,OSPEDALE MARIA VITTORIA,VIA CIBRARIO LUIGI 72,10144,TORINO,Ospedale a gestione diretta,DIREZIONESANITARIA.OMV@ASLTO2.PIEMONTE.IT,WWW.ASLTO2.PIEMONTE.IT,45.0677551,7.6824892,1,L219
torino,TORINO NORD EMERGENZA SAN GIOVANNI BOSCO,PIAZZA DEL DONATORE DI SANGUE 3,10154,TORINO,Ospedale a gestione diretta,,WWW.ASLTO2.PIEMONTE.IT,45.0967674,7.7007656,0,L219
torino,OSPEDALE AMEDEO DI SAVOIA,CORSO SVIZZERA 164/A,10149,TORINO,Ospedale a gestione diretta,DIREZIONESANITARIA.OAS@ASL3.TO.IT,WWW.ASLTO2.PIEMONTE.IT,45.089936,7.6604955,0,L219
torino,VILLA MARIA PIA HOSPITAL,STRADA COMUNALE DI MONGRENO 180,10132,TORINO,Casa di cura privata accreditata,INFO@GRM.VMP.IT,,45.0698062,7.7433425,0,L219
torino,PRESIDIO SANITARIO AUSILIATRICE - FONDAZ,VIA PEYRON AMEDEO 42,10100,TORINO,Istituto qualificato presidio della U.S.L.,PRESIDIOAUSILIATRICE.TORINO@REGIONE.PIEM,,45.0677551,7.6824892,1,L219
torino,PRESIDIO SANITARIO GRADENIGO,CORSO REGINA MARGHERITA 8,10153,TORINO,Istituto qualificato presidio della U.S.L.,DIREZIONE.SANITARIA@H-GRADENIGO.IT,HTTP//H-GRADENIGO.IT,45.0694591,7.7061986,0,L219
torino,PRESIDIO SANITARIO OSPEDALE COTTOLENGO,VIA SAN GIUSEPPE BENEDETTO COTTOLENGO 9,10100,TORINO,Istituto qualificato presidio della U.S.L.,DIR.SANITARIA@OSPEDALECOTTOLENGO.IT,,45.0786034,7.6815516,0,L219
torino,PRESIDIO MAJOR,VIA SANTA GIULIA 60,10124,TORINO,Istituto qualificato presidio della U.S.L.,DIREZIONE.TORINO@FSM.IT,WWW.FSM.IT,45.0687686,7.7000074,0,L219
torino,"OSPEDALE CIVILE ""E.AGNELLI""",VIA BRIGATA CAGLIARI 39,10064,PINEROLO,Ospedale a gestione diretta,DIRSAN.OSP.PINEROLO@ASLTO3.PIEMONTE.IT,WWW.ASLTO3.PIEMONTE.IT,44.882502099999996,7.319570112655665,0,G674
torino,OSPEDALE DI POMARETTO,VIA RIBET MAGGIORE 2,10063,POMARETTO,Ospedale a gestione diretta,DIRSAN.OSP.PINEROLO@ASLTO3.PIEMONTE.IT,WWW.ASLTO3.PIEMONTE.IT,44.8873086,7.3319454,1,G805
torino,OSPEDALE DEGLI INFERMI,VIA RIVALTA 29,10098,RIVOLI,Ospedale a gestione diretta,DIRSAN.OSP.RIVOLI@ASLTO3.PIEMONTE.IT,WWW.ASLTO3.PIEMONTE.IT,45.0597931,7.5189054,0,H355
torino,OSPEDALE CIVILE DI GIAVENO,VIA SEMINARIO 45,10094,GIAVENO,Ospedale a gestione diretta,,WWW.ASLTO3.PIEMONTE.IT,45.0432931,7.353807,0,E020
torino,OSPEDALE CIVILE DI SUSA,CORSO INGHILTERRA 66,10059,SUSA,Ospedale a gestione diretta,DIRSAN.OSP.SUSA@ASLTO3.PIEMONTE.IT,WWW.ASLTO3.PIEMONTE.IT,45.138194,7.0508565,0,L013
torino,OSPEDALE DI VENARIA,PIAZZA DELL' ANNUNZIATA 4,10078,VENARIA REALE,Ospedale a gestione diretta,DIRSAN.OSP.VENARIA@ASLTO3.PIEMONTE.IT,WWW.ASLTO3.PIEMONTE.IT,45.0697151,7.5176764,1,L727
torino,UNITA' AUTONOMA DI DAY SURGERY DI AVIGLI,VIA SANT'AGOSTINO 5,10051,AVIGLIANA,Ospedale a gestione diretta,DIRSAN.OSP.RIVOLI@ASLTO3.PIEMONTE.IT,WWW.ASLTO3.PIEMONTE.IT,45.07597395,7.404132397023126,0,A518
torino,CASA DI CURA VILLE AUGUSTA - S.R.L.,VIA PINEROLO SUSA 15,10090,BRUINO,Casa di cura privata accreditata,AMMINISTRAZIONEVILLEAUGUSTA@VILLEAUGUSTA.IT,,45.0211522,7.4685506,1,B216
torino,CASA DI CURA VILLA PATRIZIA - S.R.L.,REGIONE GIORDA 6/8,10045,PIOSSASCO,Casa di cura privata accreditata,CDCVIPAT@TIN.IT,,44.9905547,7.4637036,1,G691
torino,CASA DI CURA VILLA SERENA - S.P.A.,VIA MAGENTA 45,10045,PIOSSASCO,Casa di cura privata accreditata,POSTA@VILLASERENAPIOSSASCO.IT,WWW.VILLASERENAPIOSSASCO.IT,44.9897351,7.4579075,0,G691
torino,VILLA PAPA GIOVANNI XXIII,VIA SAN GILLIO 75,10044,PIANEZZA,Casa di cura privata accreditata,PAPA.GIOVANNI@XXIII.IT,WWW.XXIII.IT,45.1154316,7.5424761,0,G559
torino,CASA DI CURA VILLA IRIS SRL,VIA PAVESE CESARE 12,10044,PIANEZZA,Casa di cura privata accreditata,VILLAIRIS@CASADICURAVILLAIRIS.IT,,45.105847,7.543418,1,G559
torino,CASA DI CURA MADONNA DEI BOSCHI,VIA RAGAZZI DEL ' 99 1,10090,BUTTIGLIERA ALTA,Casa di cura privata accreditata,AMMINISTRAZIONE.MDB@ORPEA.IT,WWW.ORPEA.IT,45.4660827,9.1915825,0,B305
torino,MEDICAL SERVICE S.A.S,VIA MARTIRI DEL XXI 110,10064,PINEROLO,Casa di cura privata non accreditata,MEDICAL.SERVICESAS@LIBERO.IT,WWW.MEDICALSERVICEPINEROLO.IT,44.8932825,7.3520302,0,G674
torino,OSPEDALE CIVICO CHIVASSO,CORSO FERRARIS GALILEO 3,10034,CHIVASSO,Ospedale a gestione diretta,DIRSANOSP@ASLTO4.PIEMONTE.IT,WWWW.ASLTO4.PIEMONTE.IT,45.1909588,7.8871864,1,C665
torino,PRESIDIO OSPED. RIUNITO SEDE DI CIRIE',VIA BATTITORE 7/9,10073,CIRIè,Ospedale a gestione diretta,,,45.2310244,7.5922518,0,C722
torino,PRESIDIO OSPED. RIUNITO SEDE DI LANZO,VIA DELLA ROCCA MARCHESE 30,10074,LANZO TORINESE,Ospedale a gestione diretta,,,45.2755335,7.4867301,1,E445
torino,OSPEDALE CIVILE DI IVREA,PIAZZA DELLA CREDENZA 2,10015,IVREA,Ospedale a gestione diretta,DIRIGEN@ASL.IVREA.TO.IT,WWW.ASL.IVREA.TO.IT,45.4673791,7.874797,1,E379
torino,OSPEDALE CIVILE DI CUORGNE',VIA MUSSATTI ETTORE 5,10082,CUORGNè,Ospedale a gestione diretta,DIRIGEN@ASL.IVREA.TO.IT,WWW.ASL.IVREA.TO.IT,45.4673791,7.874797,1,D208
torino,SAAPA S.P.A.,VIA SANTA CRISTINA 3,10036,SETTIMO TORINESE,Ospedale a gestione diretta,,,45.12603575,7.755362498369564,0,I703
torino,POLICLINICO DI MONZA SPA,VIA DELLA CASTIGLIA 27,10015,IVREA,Casa di cura privata accreditata,INFO@CLINICAEPOREDIESE.IT,WWW.CLINICAEPOREDIESE.IT,45.4701413,7.868225,0,E379
torino,CASA DI CURA VILLE TURINA AMIONE,VIA CARLO ANGELA 1,10077,SAN MAURIZIO CANAVESE,Casa di cura privata accreditata,,,45.2193231,7.6304918,0,I024
torino,SANTA CROCE SRL,VIA CHALLANT AYMONE 23,10074,LANZO TORINESE,Casa di cura privata accreditata,,,45.2733505,7.4774108,1,E445
torino,VILLA GRAZIA SRL,STRADA POLIGONO 8,10070,SAN CARLO CANAVESE,Casa di cura privata accreditata,,,13.796156,-89.3581951,0,H789
torino,BEATA VERGINE CONSOLATA,VIA FATEBEBEFRATELLI 70,10077,SAN MAURIZIO CANAVESE,Istituto qualificato presidio della U.S.L.,SANMAURIZIO@FATEBENEFRATELLI.EU,WWW.FATEBENEFRATELLI.EU,45.2166755,7.6312409,1,I024
torino,OSPEDALE MAGGIORE,VIA DE MARIA 1,10023,CHIERI,Ospedale a gestione diretta,,,45.0138842,7.8223544,1,C627
torino,OSPEDALE SANTA CROCE,PIAZZA AMEDEO FERDINANDO 3,10024,MONCALIERI,Ospedale a gestione diretta,,,45.0138842,7.8223544,1,F335
torino,OSPEDALE SAN LORENZO,VIA OSPEDALE 13,10022,CARMAGNOLA,Ospedale a gestione diretta,,,44.8467884,7.715868792968453,0,B791
torino,DAY SURGERY DEL DISTRETTO DI NICHELINO,VIA DEBOUCHE' 8,10042,NICHELINO,Ospedale a gestione diretta,,,44.9988233,7.6314178,0,F889
torino,CASA DI CURA E RIPOSO S. LUCA S.P.A.,STRADA DELLA VETTA 3,10020,PECETTO TORINESE,Casa di cura privata accreditata,,,45.0168826,7.7499491,1,G398
torino,CASA DI CURA VILLA DI SALUTE SPA,VIALE DELLA RESISTENZA 24,10028,TROFARELLO,Casa di cura privata accreditata,,,44.9862896,7.7413737,0,L445
torino,ADRIANA S.R.L.,VIA ROBIOLA 6,10020,ARIGNANO,Casa di cura privata accreditata,,,45.0402748,7.9015941,1,A405
torino,POLICLINICO SAN LUCA S.R.L.,VIA RACCONIGI 8,10022,CARMAGNOLA,Casa di cura privata accreditata,INFO@LISA-DAYSURGERY.COM,,44.8290505,7.7112887,0,B791
torino,AZIENDA OSPEDALIERO UNIVERSITARIA S.LUIG,REGIONE GONZOLE 10,10043,ORBASSANO,Azienda Ospedaliera integrata con l'UniversitÃ ,DIREZIONE.GENERALE@SANLUIGI.PIEMONTE.IT,WWW.SANLUIGI.PIEMONTE.IT,45.0294529,7.5571538,0,G087
torino,OSPEDALE MAURIZIANO UMBERTO I - TORINO,LARGO TURATI FILIPPO 62,10128,TORINO,Azienda Ospedaliera,ASO.ORDINEMAURIZIANO@POSTEMAILCERTIFICATA.IT,WWW.MAURIZIANO.IT,45.0677551,7.6824892,1,L219
torino,OSPEDALE SAN GIOVANNI BATTISTA MOLINETTE,CORSO LAZZARI FRANCESCO DETTO IL BRAMANT,10126,TORINO,Azienda Ospedaliera integrata con l'UniversitÃ ,DIREZIONEAZIENDALE@CITTADELLASALUTE.TO.IT,WWW.CITTADELLASALUTE.TO.IT,45.0677551,7.6824892,1,L219
torino,OSPEDALE DERMATOLOGICO SAN LAZZARO,VIA CHERASCO 23,10100,TORINO,Azienda Ospedaliera integrata con l'UniversitÃ ,DIREZIONEAZIENDALE@CITTADELLASALUTE.TO.IT,WWW.CITTADELLASALUTE.TO.IT,45.0375618,7.6721796,0,L219
torino,OSPEDALE CENTRO TRAUMATOLOGICO ORTOPEDIC,VIA ZURETTI GIANFRANCO 29,10126,TORINO,Azienda Ospedaliera integrata con l'UniversitÃ ,DIRSAN@CTO.TO.IT,WWW.CITTADELLASALUTE.TO.IT,45.0677551,7.6824892,1,L219
torino,ISTITUTO CHIRURGICO ORTOPEDICO REGINA MA,LUNGO DORA FIRENZE 87,10153,TORINO,Azienda Ospedaliera integrata con l'UniversitÃ ,DIRSAN@CTO.TO.IT,WWW.CITTADELLASALUTE.TO.IT,45.0751813,7.6932767,0,L219
torino,OSPEDALE OSTETRICO GINECOLOGICO SANT'ANN,CORSO SPEZIA 60,10126,TORINO,Azienda Ospedaliera integrata con l'UniversitÃ ,DIRMEDSANNA@CITTADELLASALUTE.TO.IT,WWW.CITTADELLASALUTE.TO.IT,45.0361441,7.6740203,0,L219
torino,OSPEDALE INFANTANTILE REGINA MARGHERITA,PIAZZA POLONIA 94,10126,TORINO,Azienda Ospedaliera integrata con l'UniversitÃ ,VSANTUCCI@CITTADELLASALUTE.TO.IT,WWW.CITTADELLASALUTE.TO.IT,45.0349293,7.6751718,0,L219
torino,FONDAZIONE DEL PIEMONTE PER L'ONCOLOGIA,STRADA PROVINCIALE 142 DI PIOBESI  ,10060,CANDIOLO,IRCCS fondazione,,,44.9329736,7.616479,0,B592
milano,CASA DI CURA DEL POLICLINICO - MILANO,VIA G.DEZZA 48,20144,MILANO,Casa di cura privata accreditata,L.PISANI@CCPPDEZZA.IT,WWW.CCPPDEZZA.IT,45.4668,9.1905,1,F205
milano,ISTITUTO CLINICO CITTA' STUDI - MILANO,VIA CATALANI 4,20131,MILANO,Casa di cura privata accreditata,INFO@IC-CITTASTUDI.IT,WWW.IC-CITTASTUDI.IT,45.4668,9.1905,1,F205
milano,CASA DI CURA IGEA - MILANO,VIA MARCONA 69,20129,MILANO,Casa di cura privata accreditata,SEGRETERIA@CASADICURAIGEA.IT,WWW.CASADICURAIGEA.IT,45.4641079,9.2205738,0,F205
milano,CASA DI CURA VILLA LETIZIA - MILANO,VIA G.DONIZETTI 10/12,20122,MILANO,Casa di cura privata non accreditata,VILLALETIZIACDC@ALICE.IT,,45.4668,9.1905,1,F205
milano,CASA DI CURA PALAZZOLO-FOND.DON GNOCCHI,VIA DON L.PALAZZOLO 21,20149,MILANO,Casa di cura privata accreditata,DIR-SAN.PALAZZOLO@DONGNOCCHI.IT,WWW.DONGNOCCHI.IT,45.4668,9.1905,1,F205
milano,CASA DI CURA S. CAMILLO - MILANO,VIA MAURO MACCHI  5,20124,MILANO,Casa di cura privata non accreditata,DIRSAN.SCAMI.PLV@CAMILLIANI.NET,WWW.CASADICURASANCAMILLO.COM,45.4818019,9.2044566,0,F205
milano,CASA DI CURA S. GIOVANNI - MILANO,VIA CIVITALI 71,20148,MILANO,Casa di cura privata accreditata,CASA3@CASADICURASGIOVANNI.IT,,45.4668,9.1905,1,F205
milano,IST.CLINICO S.AMBROGIO SPA-MILANO,VIA FARAVELLI 16,20149,MILANO,Casa di cura privata accreditata,INFO.ICSA@GRUPPOSANDONATO.IT,WWW.SANTAMBROGIO-GSD.IT,45.4668,9.1905,1,F205
milano,CASA DI CURA LA MADONNINA - MILANO,VIA QUADRONNO 29,20122,MILANO,Casa di cura privata non accreditata,DIRGEN.CCLM@GRUPPOSANDONATO.IT,,45.4542475,9.1947117,0,F205
milano,CLINICA SAN CARLO - PADERNO DUGNANO,VIA OSPEDALE 21,20037,PADERNO DUGNANO,Casa di cura privata accreditata,DIREZIONE.SANITARIA@CLINICASANCARLO.IT,WWW.CLINICASANCARLO.IT,45.5716622,9.1562061,0,G220
milano,IST.CLINICO S.SIRO SPA-MILANO,VIA MONREALE 18,20148,MILANO,Casa di cura privata accreditata,DRG.ICSS@GRUPPOSANDONATO.IT,WWW.GRUPPOSANDONATO.IT,45.4760102,9.1408231,0,F205
milano,CASA DI CURA S. PIO X - MILANO,VIA FRANCESCO NAVA 31,20159,MILANO,Casa di cura privata accreditata,DIRGEN.SPIOX.PLV@SANPIOX.NET,WWW.SANPIOX.NET,45.4943459,9.1927062,0,F205
milano,ISTITUTO STOMATOLOGICO ITALIANO - MILANO,VIA PACE 21,20122,MILANO,Casa di cura privata accreditata,INFO@ISIMILANO.EU,WWW.ISIMILANO.EU,45.4578184,9.2033935,0,F205
milano,CASA DI CURA AMBROSIANA SPA-CESANO B.,PIAZZA MONS. MONETA 1,20090,CESANO BOSCONE,Casa di cura privata accreditata,COMUNICAZIONI@AMBROSIANACDC.IT,WWW.CASADICURAAMBROSIANA.IT,45.4471117,9.0940542,1,C565
milano,CASA DI CURA COLUMBUS - MILANO,VIA BUONARROTI 48,20145,MILANO,Casa di cura privata non accreditata,GLBASSI@CDCCOLUMBUS.IT,CDCCOLUMBUS.IT,45.4668,9.1905,1,F205
milano,POLO GERIATRICO RIABILITATIVO-CINISELLO,VIA DEI LAVORATORI 133,20092,CINISELLO BALSAMO,Casa di cura privata accreditata,M.GARCEA@POLOGERIATRICO.IT,WWW.POLOGERIATRICO.IT,45.55865025,9.238680089345854,0,C707
milano,FONDAZIONE EUROPEA DI RICERCA BIOMEDICA-,VIA UBOLDO 19,20063,CERNUSCO SUL NAVIGLIO,Casa di cura privata accreditata,FERB-TRESCORE@FERBONLUS.COM,,45.5234589,9.3288847,0,C523
milano,RESIDENZA ANNI AZZURRI MIRASOLE - OPERA,VIA P. BORSELLINO 6  LOCALITA' NOVERASCO,20090,OPERA,Casa di cura privata accreditata,RESIDENZAMIRASOLE@ANNIAZZURRI.IT,WWW.ANNIAZZURRI.IT,45.373069,9.211149,1,G078
milano,OSPEDALE S. GIUSEPPE - MILANO,VIA S. VITTORE 12,15146,MILANO,"Ospedale classificato o assimilato ai sensi dell'art. 1, ultimo comma, della Legge 132/1968",DIREZIONE.GENERALE@MULTIMEDICA.IT,WWW.MULTIMEDICA.IT,45.4668,9.1905,1,F205
milano,CENTRO CLINICO NEMO - FOND. SERENA - MIL,PIAZZA OSPEDALE MAGGIORE3,20162,MILANO,Casa di cura privata accreditata,INFO@CENTROCLINICONEMO.IT,WWW.CENTROCLINICONEMO.IT,45.4668,9.1905,1,F205
milano,OSPEDALE CA' GRANDA-NIGUARDA - MILANO,PIAZZA OSPEDALE MAGGIORE 3,20162,MILANO,Azienda Ospedaliera,OSPEDALE.NIGUARDA@IBM.NET,WWW.OSPEDALENIGUARDA.IT,45.4668,9.1905,1,F205
milano,OSPEDALE S. PAOLO - MILANO,VIA A. DI RUDINI' 8,20142,MILANO,Azienda Ospedaliera,,,45.4668,9.1905,1,F205
milano,OSPEDALE S. CARLO BORROMEO - MILANO,VIA PIO II 3,20153,MILANO,Azienda Ospedaliera,DIR.GENERALE@SANCARLO.MI.IT,WWW.SANCARLO.MI.IT,45.4702106,9.1130509,0,F205
milano,PRESIDIO OSPED. V. BUZZI - MILANO,VIA CASTELVETRO 32,20154,MILANO,Azienda Ospedaliera,FLUSSI@ASST-FBT-SACCO.IT,WWW.ASST-FBF-SACCO.IT,45.4668,9.1905,1,F205
milano,OSPEDALE M. MELLONI - MILANO,VIA MACEDONIO MELLONI 52,20129,MILANO,Azienda Ospedaliera,DS.SEGRETERIA.POMM@ASST-FBF-SACCO.IT,HTTPS://WWW.ASST-FBF-SACCO.IT/,45.4665437,9.2190773,0,F205
milano,OSPEDALE FATEBENEFRATELLI E OFTALMICO -,PIAZZA PRINCIPESSA CLOTILDE 3,20121,MILANO,Azienda Ospedaliera,DIREZIONE.PRESIDIO@ASST-FBF-SACCO.IT,HTTPS://WWW.ASST-FBF-SACCO.IT/,45.4668,9.1905,1,F205
milano,OSPEDALE L. SACCO - MILANO,VIA GIOVAN BATTISTA GRASSI 74,20157,MILANO,Azienda Ospedaliera,FLUSSI@ASST-FBF-SACCO.IT,WWW.ASST-FBF-SACCO.IT,45.4668,9.1905,1,F205
milano,ISTITUTO ORTOPEDICO GAETANO PINI - MILAN,PIAZZA A. CARDINAL FERRARI 1,20122,MILANO,Azienda Ospedaliera,DIREZIONE.GENERALE@ASST-PINI-CTO.IT,WWW.GPINI.IT,45.4668,9.1905,1,F205
milano,P.O. CENTRO TRAUMATOLOGICO ORTOPEDICO -,VIA BIGNAMI 1,20126,MILANO,Azienda Ospedaliera,DIREZIONE.GENERALE@ASST-PINI-CTO.IT,WWW.GPINI.IT,45.4668,9.1905,1,F205
milano,OSPEDALE CIVILE G. FORNAROLI - MAGENTA,VIA AL DONATORE DI SANGUE   50,20013,MAGENTA,Azienda Ospedaliera,DIRSANMAGENTA@ASST-OVESTMI.IT,WWW.ASST-OVESTMI.IT,45.469506,8.8936895,0,E801
milano,OSPEDALE C.CANTU'-ABBIATEGRASSO,PIAZZA B. CAZZAMINI MUSSI  1,20081,ABBIATEGRASSO,Azienda Ospedaliera,DIRSANABBIATEG@ASST-OVESTMI.IT,WWW.ASST-OVESTMI.IT,45.5946985,8.9183595,1,A010
milano,OSPEDALE CIVILE DI LEGNANO,VIA PAPA GIOVANNI PAOLO II,20025,LEGNANO,Azienda Ospedaliera,DIRSANLEGNANO@ASST-OVESTMI.IT,WWW.ASST-OVESTMI.IT,45.5809645,8.8877607,0,E514
milano,OSPEDALE DI CUGGIONO,VIA BADI 4,20012,CUGGIONO,Azienda Ospedaliera,DIRSANCUGGIONO@ASST-OVESTMI.IT,WWW.ASST-OVESTMI.IT,45.5946985,8.9183595,1,D198
milano,OSPEDALE G.SALVINI-GARBAGNATE MIL.SE,VIALE FORLANINI 95,20024,GARBAGNATE MILANESE,Azienda Ospedaliera,DIRMEDG@ASST-RHODENSE.IT,WWW.ASST-RHODENSE.IT,45.5771451,9.0800251,1,D912
milano,OSPEDALE DI CIRCOLO - RHO,CORSO EUROPA  250,20017,RHO,Azienda Ospedaliera,DIRMEDR@ASST-RHODENSE.IT,WWW.ASST-RHODENSE.IT,45.534420350000005,9.034361147270673,0,H264
milano,OSPEDALE CADUTI BOLLATESI - BOLLATE,VIA PIAVE 20,20020,BOLLATE,Azienda Ospedaliera,DIRMEDB@ASST-RHODENSE.IT,WWW.ASST-RHODENSE.IT,45.5752965,9.027038,0,A940
milano,OSPEDALE G.CASATI-PASSIRANA RHO,VIA SETTEMBRINI 1,20017,RHO,Azienda Ospedaliera,DIRMEDB@ASST-RHODENSE.IT,WWW.ASST-RHODENSE.IT,45.5460806,9.0442694,0,H264
milano,P.O.  CITTA' DI SESTO S. GIOVANNI,VIALE MATTEOTTI 83,20099,SESTO SAN GIOVANNI,Azienda Ospedaliera,CDG@ICP.MI.IT,WWW.ICP.MI.IT,45.5497899,9.1773977,0,I690
milano,OSPEDALE BASSINI - CINISELLO BALSAMO,VIA GORKI 50,20092,CINISELLO BALSAMO,Azienda Ospedaliera,CDG@ICP.MI.IT,WWW.ICP.MI.IT,45.5357218,9.2376549,1,C707
milano,OSPEDALE S. MARIA DELLE STELLE MELZO,VIA VOLONTARI DEL SANGUE 5,20066,MELZO,Azienda Ospedaliera,DIRSAN.MELZO@AOMELEGNANO.IT,,45.5077088,9.4276112,0,F119
milano,OSPEDALE SERBELLONI - GORGONZOLA,VIA BELLINI 5,20064,GORGONZOLA,Azienda Ospedaliera,,,45.5345385,9.4135089,0,E094
milano,OSPEDALE DI  VIZZOLO PREDABISSI,VIA PANDINA 1,20070,VIZZOLO PREDABISSI,Azienda Ospedaliera,DIRSAN.VIZZOLO@AOMELEGNANO.IT,,45.3590407,9.3361527,0,M102
milano,OSPEDALE A. ZAPPATONI-CASSANO D'ADDA,VIA QUINTINO DI VONA 41,20062,CASSANO D'ADDA,Azienda Ospedaliera,PATRIZIA.MAPELLI@AOMELEGNANO.IT,,45.5253397,9.5163661,0,C003
milano,OSPEDALE UBOLDO - CERNUSCO S/NAVIGLIO,VIA UBOLDO 21,20063,CERNUSCO SUL NAVIGLIO,Azienda Ospedaliera,DIRSAN3.CERNUSCO@AOMELEGNANO.IT,,45.5234589,9.3288847,0,C523
milano,OSPEDALE CROTTA OLTROCCHI-VAPRIO D'ADDA,VIA DON MOLETTA 22,20069,VAPRIO D'ADDA,Azienda Ospedaliera,PATRIZIA.RIVA@AOMELEGNANO.IT,,45.5747451,9.5274381,0,L667
milano,"FOND.IRCCS ""ISTIT.NAZ.LE TUMORI""MILANO",VIA VENEZIAN 1,20133,MILANO,IRCCS fondazione,,WWW.ISTITUTOTUMORI.MI.IT,45.4668,9.1905,1,F205
milano,FOND.IRCCS IST.NAZ.NEUROLOGICO C.BESTA-M,VIA CELORIA 11,20133,MILANO,IRCCS fondazione,,WWW.ISTITUTO-BESTA.IT,45.4668,9.1905,1,F205
milano,FONDAZ.IRCCS CA' GRANDA - OSPEDALE MAGGI,VIA FRANCESCO SFORZA 28,20122,MILANO,IRCCS fondazione,DIRSAN@POLICLINICO.MI.IT,WWW.POLICLINICO.MI.IT,45.462833,9.1984326,0,F205
milano,"CENTRO CARDIOLOGICO ""FOND. MONZINO"" - MI",VIA CARLO PAREA 4,20138,MILANO,IRCCS privato,DIREZIONE.SANITARIA@CCFM.IT,WWW.CARDIOLOGICOMONZINO.IT,45.4431483,9.2633211,0,F205
milano,IRCCS    S. RAFFAELE - MILANO,VIA OLGETTINA 60,20132,MILANO,IRCCS privato,DIREZIONE.SANITARIA@HSR.IT,WWW.SANRAFFAELE.ORG,45.5058688,9.264359,0,F205
milano,IST.AUXOLOGICO ITALIANO-I.S. S.LUCA-MILA,PIAZZALE BRESCIA 20,20149,MILANO,IRCCS privato,AFFARILEGALI@AUXOLOGICO.IT,WWW.AUXOLOGICO.IT,45.4703449,9.1442814,0,F205
milano,IST.AUXOLOGICO ITAL.-I.S. S.MICHELE-MILA,VIA LUDOVICO ARIOSTO 13,20145,MILANO,IRCCS privato,AFFARILEGALI@AUXOLOGICO.IT,WWW.AUXOLOGICO.IT,45.5577624,9.2060137,0,F205
milano,IRCCS OSPEDALE CAPITANIO,VIA MERCALLI28,20155,MILANO,IRCCS privato,AFFARILEGALI@AUXOLOGICO.IT,WWW.AUXOLOGICO.IT,45.4668,9.1905,1,F205
milano,IRCCS S.M.NASCENTE-FOND.DON C.GNOCCHI-MI,VIA CAPECELATRO 66,20148,MILANO,IRCCS privato,DIREZIONE.MI.SMNASCENTE@DONGNOCCHI.IT,WWW.DONGNOCCHI.IT,45.4668,9.1905,1,F205
milano,ISTITUTO EUROPEO DI ONCOLOGIA-MILANO,VIA RIPAMONTI 435,20141,MILANO,IRCCS privato,,WWW.IEO.IT,45.4668,9.1905,1,F205
milano,IST. CLIN. HUMANITAS - ROZZANO,VIA MANZONI 56,20089,ROZZANO,IRCCS privato,DANIELE.ALBERIO@HUMANITAS.IT,WWW.HUMANITAS.IT,45.4425248,9.0930691,0,H623
milano,ISTITUTO ORTOPEDICO GALEAZZI SPA - MILAN,VIA RICCARDO GALEAZZI 4,20161,MILANO,IRCCS privato,DIRGEN.IOG@GRUPPOSANDONATO.IT,WWW.GALEAZZI-GSD.IT/,45.5233298,9.1736538,0,F205
milano,I.R.C.C.S. POLICLINICO SAN DONATO,VIA MORANDI 30,20097,SAN DONATO MILANESE,IRCCS privato,DIREZ.SAN@GRUPPOSANDONATO.IT,WWW.GRUPPOSANDONATO.IT,45.41807,9.27165,1,H827
milano,IRCCS MULTIMEDICA - MILANO,VIA MILANESE 300,20099,SESTO SAN GIOVANNI,IRCCS privato,DIREZIONE.SANITARIA@MULTIMEDICA.IT,WWW.MULTIMEDICA.IT,45.5357762,9.219451,0,I690
milano,IRCCS IST. SCIENTIFICO DI RIABILITAZIONE,VIA CAMALDOLI 64,20138,MILANO,IRCCS privato,DIREZIONE.MILANO@FSM.IT,WWW.FSM.IT,45.4372202,9.2659605,0,F205
milano,SAN RAFFAELE TURRO,VIA STAMIRA20,20127,MILANO,IRCCS privato,DIREZIONE.SANITARIA.VTURRO@HSR.IT,,45.4668,9.1905,1,F205
roma,OSPEDALE SANTO SPIRITO,L.G.T. IN SAXIA  3,00193,ROMA,Ospedale a gestione diretta,,,41.8933203,12.4829321,1,H501
roma,VILLA BETANIA,VIA PICCOLOMINI,00165,ROMA,Ospedale a gestione diretta,,,41.8908478,12.4419349,0,H501
roma,OSPEDALE REGIONALE OFTALMICO,VIA CIPRO 3,00136,ROMA,Ospedale a gestione diretta,romualdo.fantelli@asl-rme,,41.9077718,12.4474341,0,H501
roma,P.T.P. NUOVO REGINA MARGHERITA,VIA MOROSINI 30,00153,ROMA,Ospedale a gestione diretta,direzionesanitaria.onrm@aslromaa.it,,41.8933203,12.4829321,1,H501
roma,OSPEDALE SAN PIETRO - FBF,VIA CASSIA 600,00189,ROMA,"Ospedale classificato o assimilato ai sensi dell'art. 1, ultimo comma, della Legge 132/1968",saraceni.francesca@fbfrm.it,www.ospedalesanpietro.it,41.9635742,12.45021744638311,0,H501
roma,OSPEDALE SAN GIOVANNI CALIBITA - FBF,VIA PONTE QUATTRO CAPI 39,00186,ROMA,"Ospedale classificato o assimilato ai sensi dell'art. 1, ultimo comma, della Legge 132/1968",gm.presid_dir_generale@fbf-isola.it,www.fatebenefratelli-isolatiberina.it,41.8933203,12.4829321,1,H501
roma,OSPEDALE SAN CARLO DI NANCY,VIA AURELIA 275,00165,ROMA,"Ospedale classificato o assimilato ai sensi dell'art. 1, ultimo comma, della Legge 132/1968",,,41.8997794,12.4518974,0,H501
roma,OSP. GEN. DI ZONA 'CRISTO RE',VIA DELLE CALASANZIANE 25,00167,ROMA,"Ospedale classificato o assimilato ai sensi dell'art. 1, ultimo comma, della Legge 132/1968",direzionesanitaria@ospedalecristore.it,,41.9181286,12.4206845,0,H501
roma,CASA DI CURA VILLA DOMELIA S.R.L.,VIA ARBE 3,00141,ROMA,Casa di cura privata accreditata,INFO@VILLADOMELIA.IT,WWW.VILLADOMELIA.IT,41.9426323,12.5331905,0,H501
roma,CASA DI CURA VILLA VALERIA S.R.L.,PIAZZA CARNARO 18,00141,ROMA,Casa di cura privata accreditata,info@villavaleria.it,www.villavaleria.it,41.9402258,12.5321095,0,H501
roma,CASA DI CURA VILLA TIBERIA S.R.L.,VIA EMILIO PRAGA N 26,00137,ROMA,Casa di cura privata accreditata,,casacura@villatiberia.it,41.9456448,12.5576005,0,H501
roma,CASA DI CURA POLICLINICO ITALIA,PIAZZA DEL CAMPIDANO 6,00162,ROMA,Casa di cura privata accreditata,segreteria@policlinicoitalia.it,www.policlinicoitalia.it,41.9162177,12.5223442,0,H501
roma,CASA DI CURA VILLA BENEDETTA,CIRCONVALL CORNELIA 65,00165,ROMA,Casa di cura privata non accreditata,stefano.sabatini@villa-benedetta.it,www.villaben.it,41.8933203,12.4829321,1,H501
roma,CASA DI CURA VILLA LUISA,VIA SANTA MARIA MEDIATRICE  2,00165,ROMA,Casa di cura privata non accreditata,,,41.8933203,12.4829321,1,H501
roma,CASA DI CURA SANATRIX,VIA TRASONE 61,00199,ROMA,Casa di cura privata non accreditata,,www.assanatrix.it,41.9296749,12.5114548,0,H501
roma,CLINICA PARIOLI srl,VIA FELICE GIORDANO 8,00197,ROMA,Casa di cura privata non accreditata,info@clinicaparioli.it,www.clinicaparioli.it,41.922850749999995,12.487764800510632,0,H501
roma,CASA DI CURA VILLA AURORA,VIA MATTIA BATTISTINI 44,00167,ROMA,Casa di cura privata accreditata,AMMINISTRAZIONE@VILLAAURORA.IT,,41.9046244,12.4100294,0,H501
roma,CASA DI CURA N.SIGNORA DELLA MERCEDE,VIA TAGLIAMENTO 25,00198,ROMA,Casa di cura privata non accreditata,ACCETTAZIONE@CDCMERCEDE.IT,www.cdcmercede.it,41.9208829,12.5042192,0,H501
roma,CASA DI CURA MARCO POLO,VIA MARCO POLO 41,00154,ROMA,Casa di cura privata accreditata,MARCOPOLO@USI.IT,www.usi.it,41.8747075,12.486428113293753,0,H501
roma,CASA DI CURA ASSUNZIONE DI MARIA SS,VIA NOMENTANA 311,00162,ROMA,Casa di cura privata non accreditata,INFO@AMSS.IT,WWW.AMSS.IT,41.918098,12.5139252,0,H501
roma,CASA DI CURA QUISISANA,VIA G GIACOMO PORRO 5,00197,ROMA,Casa di cura privata non accreditata,eurosanita@tiscali.it,,41.8933203,12.4829321,1,H501
roma,CASA DI CURA SANTA FAMIGLIA,VIA DEI GRACCHI 134,00198,ROMA,Casa di cura privata accreditata,INFO@SANTAFAMIGLIA.IT,WWW.SANTAFAMIGLIA.IT,41.9090355,12.4649924,0,H501
roma,CASA DI CURA VILLA DEL ROSARIO,VIA FLAMINIA 499,00191,ROMA,Casa di cura privata non accreditata,info@villadelrosario.it,www.villadelrosario.it,41.9653029,12.4897735,0,H501
roma,CASA DI CURA VILLA MAFALDA,VIA MONTE DELLE GIOIE 5,00199,ROMA,Casa di cura privata non accreditata,INFO@VILLAMAFALDA.COM,WWW.VILLAMAFALDA.COM,41.931972,12.5121534,0,H501
roma,CASA DI CURA SAN DOMENICO,PIAZZA SASSARI 5,00161,ROMA,Casa di cura privata non accreditata,info@sandomeniconline.it,www.sandomeniconline.it,41.9086684,12.5124122,0,H501
roma,CASA DI CURA VILLA STUART,VIA TRIONFALE 5952,00135,ROMA,Casa di cura privata non accreditata,pangelosanto.vi@villastuart.eurosanita.it,www.villastuart.it,41.9415171,12.421244,0,H501
roma,CASA DI CURA VILLA MARGHERITA,VIALE DI VILLA MASSIMO 48,00161,ROMA,Casa di cura privata non accreditata,villamargherita@vmargherita.it,www.vmargherita.com,41.9138268,12.515985,0,H501
roma,CASA DI CURA SANTO VOLTO,PIAZZA DEL TEMPIO DI DIANA 12,00153,ROMA,Casa di cura privata non accreditata,info@casadicurasantovolto.it,www.casadicurasantovolto.it,41.8831416,12.4818303,0,H501
roma,CLINICA VALLE GIULIA SPA,VIA GIUSEPPE DE NOTARIS 2/B,00197,ROMA,Casa di cura privata non accreditata,clinica.vallegiulia@tiscali.it,,41.9197551,12.4812053,0,H501
roma,CASA DI CURA S.RITA DA CASCIA,VIA DEGLI SCIPIONI  130,00192,ROMA,Casa di cura privata accreditata,amministrazione@casadicurasantarita.com,www.casadicurasantarita.com,41.9084843,12.457841,0,H501
roma,CASA DI CURA PIO XI,VIA AURELIA  559,00165,ROMA,Casa di cura privata non accreditata,,,41.89553935,12.42009442037098,0,H501
roma,CASA DI CURA PAIDEIA,VIA VINCENZO TIBERIO 46,00198,ROMA,Casa di cura privata non accreditata,archivio@cdcpadeia.com,,41.9391389,12.4762769,0,H501
roma,CASA DI CURA NUOVA VILLA CLAUDIA,VIA FLAMINIA NUOVA 280,00191,ROMA,Casa di cura privata accreditata,,,41.95243105,12.474095964365711,0,H501
roma,CASA DI CURA SAN FELICIANO,VIA E. DE' OSSO' 6,00166,ROMA,Casa di cura privata accreditata,info@casadicurasanfeliciano.it,,41.8933203,12.4829321,1,H501
roma,CASA DI CURA MATER DEI,VIA ANTONIO BERTOLONI 34,00197,ROMA,Casa di cura privata non accreditata,INFO@MATERDEI.IT,WWW.MATERDEI.IT,41.9214683,12.4911949,0,H501
roma,CDC ANCELLE FRANCESCANE DEL BUON PASTORE,VIA DI VALLELUNGA 8,00166,ROMA,Casa di cura privata accreditata,ANCELLE.BP@LIBERO.IT,,41.909284,12.3975207,0,H501
roma,AURELIA HOSPITAL,VIA AURELIA 860,00165,ROMA,Casa di cura privata accreditata,DIREZIONE@AURELIAHOSPITAL.COM,,41.8997794,12.4518974,0,H501
roma,CASA DI CURA VILLA SALARIA S.R.L.,VIA F.A.GUALTERIO 127,00139,ROMA,Casa di cura privata non accreditata,VILLASALARIA@TISCALI.IT,,41.8933203,12.4829321,1,H501
roma,ARS MEDICA SPA,VIA CESARE FERRERO DI CAMBIANO  29,00191,ROMA,Casa di cura privata non accreditata,ced@arsmedicacasadicura.it,WWW.ARSMEDICACASADICURA.IT,41.9482811,12.4682197,0,H501
roma,VILLA FLAMINIA,VIA LUIGI BODIO 58,00191,ROMA,Casa di cura privata non accreditata,INFO@gruppo cofisan.it,WWW.VILLAFLAMINIA.IT,41.9450257,12.4665843,0,H501
roma,CASA DI CURA VILLA S. MARIA DI LEUCA,VIA TIBERINA  173,00188,ROMA,Casa di cura privata non accreditata,CLINICAFSML@LIBERO.IT,,42.0270434,12.5053138,0,H501
roma,CASA DI CURA VILLA VERDE,VIA DI TORREVECCHIA 250,00168,ROMA,Casa di cura privata accreditata,villaverde@tiscali.it,,41.9167244,12.4080933,0,H501
roma,CENTRO PER LA SALUTE DELLA DONNA S.ANNA,VIA GARIGLIANO 55,00198,ROMA,Ospedale a gestione diretta,direzionesanitaria.cs@aslromaa.it,www.aslromaa.it,41.9198334,12.5009902,0,H501
roma,PRESIDIO SAN FILIPPO NERI,VIA MARTINOTTI 20,00133,ROMA,Ospedale a gestione diretta,,WWW.SANFILIPPONERI.IT,41.8933203,12.4829321,1,H501
roma,PRESIDIO CASSIA SANT'ANDREA,VIA CASSIA 721,00189,ROMA,Ospedale a gestione diretta,,,41.9746287,12.4265864,0,H501
roma,SALUS INFIRMORUM,VIA DELLA LUCCHINA 41,00135,ROMA,Ospedale a gestione diretta,,,41.9603021,12.4027555,0,H501
roma,CASA DI CURA PRIVATA `DON CARLO GNOCCHI`,VIA MARESCIALLO CAVIGLIA 30,00194,ROMA,Casa di cura privata accreditata,DIREZIONE.RM.SMPACE@DONGNOCCHI.IT,WWW.DONGNOCCHI.IT,41.9370411,12.4635017,0,H501
roma,Istituto Dermopatico dellï¿½Immacolata,VIA MONTI DI CRETA  104,00146,ROMA,IRCCS privato,dirsan@idi.it,www.idi.it,41.8933203,12.4829321,1,H501
roma,OSPEDALE S.EUGENIO,PIAZZALE DELL'UMANESIMO 10,00144,ROMA,Ospedale a gestione diretta,direzione.medica.OSE@aslrmc.it,www.aslrmc.it,41.821245000000005,12.472056543839061,0,H501
roma,OSPEDALE CTO.A.ALESINI,VIA S.NEMESIO 21,00145,ROMA,Ospedale a gestione diretta,direzionemedicacto@aslrmc.it,WWW.ASLRMC.IT,41.8587054,12.4877418,0,H501
roma,MADRE GIUSEPPINA VANNINI,VIA ACQUA BULLICANTE 4,00177,ROMA,"Ospedale classificato o assimilato ai sensi dell'art. 1, ultimo comma, della Legge 132/1968",direzione sanitaria.roma@figliesancamillo.it,www.ospedalevannini.it,41.8933203,12.4829321,1,H501
roma,MADONNA DELLA FIDUCIA,VIA C. CORRENTI  6,00179,ROMA,Casa di cura privata non accreditata,umbertosalvi@fiducia.it,,41.8933203,12.4829321,1,H501
roma,N.C.L. Istituto di Neuroscienze S.R.L.,VIA PATRICA 15,00178,ROMA,Casa di cura privata accreditata,nclsrl@pec.it,,41.866215999999994,12.540778685967766,0,H501
roma,CASA DI CURA VILLA FULVIA SRL,VIA APPIA NUOVA 901,00178,ROMA,Casa di cura privata accreditata,,,41.8157097,12.570395,0,H501
roma,CASA DI CURA GUARNIERI SPA,VIA TOR DE SCHIAVI 139,00172,ROMA,Casa di cura privata accreditata,clin.guarnieri@mclink.it,,41.8753064,12.5647287,0,H501
roma,C.D.C. MATER MISERICORDIAE,VIA LATINA 28,00179,ROMA,Casa di cura privata accreditata,diramm@matermisericordiae.it,www.matermisericordiae.it,41.8743587,12.5071963,0,H501
roma,CLINICA LATINA,VIA VULCI 16,00183,ROMA,Casa di cura privata accreditata,latinac@tiscali.it,,41.8775491,12.5041042,0,H501
roma,CONCORDIA HOSPITAL,VIA DELLE SETTE CHIESE 90,00145,ROMA,Casa di cura privata accreditata,concordiahospital@tin.it,www.concordiahospital.it,41.8606313,12.4897412,0,H501
roma,C.D.C. KAROL WOJTYLA HOSPITAL,VIALE AFRICA 32,00144,ROMA,Casa di cura privata accreditata,dir.accettazione@fenig.it,www.kwhospital.it,41.8249037,12.4740411,0,H501
roma,C.D.C. FABIA MATER,VIA OLEVANO ROMANO 25,00171,ROMA,Casa di cura privata accreditata,,www.fabiamater.it,41.8942609,12.5549526,0,H501
roma,POLICLINICO CASILINO,VIA CASILINA 1049,00169,ROMA,Istituto qualificato presidio della U.S.L.,,,41.8679426,12.5891931,0,H501
roma,CASA DI CURA NUOVA ITOR,VIA DI PIETRALATA 162,00158,ROMA,Casa di cura privata accreditata,,,41.9196511,12.5489792,0,H501
roma,NUOVA CLINICA ANNUNZIATELLA,VIA MEROPIA 124,00147,ROMA,Casa di cura privata accreditata,nuovaclinica@libero.it,www.annunziatella.org,41.85543215,12.505963420516913,0,H501
roma,C.D.C. VILLA ANNA MARIA,VIA SATURNIA 25,00183,ROMA,Casa di cura privata non accreditata,villannamaria@hotmail.com,,41.879851,12.5065135,0,H501
roma,ROME AMERICAN HOSPITAL,VIA EMILIO LONGONI 69,00155,ROMA,Casa di cura privata non accreditata,,,41.8934367,12.6033251,0,H501
roma,OSPEDALE SANDRO PERTINI,VIA DEI MONTI TIBURTINI,00157,ROMA,Ospedale a gestione diretta,,,41.917741,12.5413603,0,H501
roma,CASA DI CURA SAN LUCA DOLOMITI SRL,VIA TEANO 8/A,00177,ROMA,Casa di cura privata accreditata,,,41.8895425,12.55115,0,H501
roma,OSPEDALE G. B. GRASSI,VIA G. C. PASSERONI 30,00122,ROMA,Ospedale a gestione diretta,dsgrassi@aslroma3.it,,41.8933203,12.4829321,1,H501
roma,CENTRO PARAPLEGICI OSTIA ' Gennaro Di Ro,VIALE VEGA 3,00122,ROMA,Ospedale a gestione diretta,segreteriadm.cpo@aslroma3.it,,41.7272522,12.2935117,0,H501
roma,OSPEDALE ISRAELITICO,VIA FULDA 14,00148,ROMA,"Ospedale classificato o assimilato ai sensi dell'art. 1, ultimo comma, della Legge 132/1968",direzionesanitaria@ospedaleisraelitico.it,,41.83572035,12.42839521459728,0,H501
roma,PRESIDIO OSPEDALIERO ' LUIGI DI LIEGRO ',VIA DEI BUONVISI 50,00148,ROMA,Istituto qualificato presidio della U.S.L.,,,41.8532617,12.4232066,0,H501
roma,CASA DI CURA VILLA PIA,VIA B RAMAZZINI  93,00151,ROMA,Casa di cura privata accreditata,info@clinicavillapia.it,,41.8933203,12.4829321,1,H501
roma,CASA DI CURA VILLA SANDRA,VIA PORTUENSE 798,00148,ROMA,Casa di cura privata accreditata,info@villasandra.it,,41.85028515,12.420946902464038,0,H501
roma,CASA DI CURA SALVATOR MUNDI,VIALE DELLE MURA GIANICOLENSI 67,00152,ROMA,Casa di cura privata non accreditata,direzionesanitaria @salvatormundi.it,,41.88348515,12.462445763028171,0,H501
roma,OSPEDALE SAN GIOVANNI BATTISTA-ACISMOM,VIA L. E. MORSELLI 13,00148,ROMA,"Ospedale classificato o assimilato ai sensi dell'art. 1, ultimo comma, della Legge 132/1968",ospedale.ricovero@acismom.it,,41.8933203,12.4829321,1,H501
roma,CASA DI CURA CITTA` DI ROMA,VIA MAIDALCHINI 20,00152,ROMA,Casa di cura privata accreditata,amministrazione@casadicuracittadiroma.it,,41.8933203,12.4829321,1,H501
roma,EUROPEAN HOSPITAL,VIA PORTUENSE 700,00149,ROMA,Casa di cura privata accreditata,direzione@europeanhospital.it,,41.8532753,12.435810031672318,0,H501
roma,CASA DI CURA MERRY HOUSE/C.GERIATRICO RO,VIA G. BEDUSCHI 28,00126,ROMA,Casa di cura privata accreditata,,,41.8933203,12.4829321,1,H501
roma,CASA DI CURA VILLA MARIA IMMACOLATA,VIA DEL CASALETTO 391,00151,ROMA,Casa di cura privata accreditata,icec.clinica@tin.it - nicoledistefano@libero.it,,41.8537209,12.4371342,0,H501
roma,C. DI C. 'ISTITUTO CLINICO CARDIOLOGICO',VIA ALESSANDRO MAGMO 386,00124,ROMA,Casa di cura privata non accreditata,info@gvm.icc.it,,41.8933203,12.4829321,1,H501
roma,CASA DI CURA S. RAFFAELE PORTUENSE,VIA B. RAMAZZINI 45,00151,ROMA,Casa di cura privata accreditata,sr.portuense@sanraffaele.it,,41.8933203,12.4829321,1,H501
roma,OSPEDALE SAN PAOLO,LARGO DONATORI DEL SANGUE,00053,CIVITAVECCHIA,Ospedale a gestione diretta,direzione.sanitariahsp@aslrmf.it,,42.0991526,11.8100028,0,C773
roma,OSPEDALE  PADRE PIO DI BRACCIANO,VIA S. LUCIA ,00062,BRACCIANO,Ospedale a gestione diretta,,,42.1010951,12.1738573,1,B114
roma,CASA DI CURA SILIGATO,VIA BUONARROTI 54,00053,CIVITAVECCHIA,Casa di cura privata accreditata,gisilig@tin.it,,42.0937524,11.7922462,1,C773
roma,SANTO VOLTO,VIA C. BATTISTI 7,00058,SANTA MARINELLA,Casa di cura privata accreditata,istitutosantovolto@benedettineweb.191.it,,42.0353397,11.8683083,1,I255
roma,OSPEDALE L.PARODI DELFINO,PIAZZA ALDO MORO  1,00034,COLLEFERRO,Ospedale a gestione diretta,,,41.726928,13.0043158,0,C858
roma,0SPEDALE SS. GONFALONE,VIA ROBERTO FARAVELLI    27,00015,MONTEROTONDO,Ospedale a gestione diretta,,,42.051088,12.6182901,0,F611
roma,0SPEDALE CIVILE CONIUGI BERNARDINI,VIA PIO XII,00036,PALESTRINA,Ospedale a gestione diretta,dirsan.hsppalestrina@aslromag.it,,41.8337685,12.8876695,0,G274
roma,OSPEDALE A. ANGELUCCI,CONTRADA COLLE CISTERNA,00028,SUBIACO,Ospedale a gestione diretta,,,41.9267153,13.0944317,1,I992
roma,OSPEDALE S. GIOVANNI EVANGELISTA(TIVOLI),VIA PARROZZANI  3,00019,TIVOLI,Ospedale a gestione diretta,,,41.960922,12.798884,1,L182
roma,I.N.I. Srl Divisione Medicus Hotel,PIAZZALE S. GIOVANNI DI DIO MONTERIPOLI,00019,TIVOLI,Casa di cura privata accreditata,,,41.960922,12.798884,1,L182
roma,I.N.I. Srl  Divisione Villa Dante,VIA ROMA  298,00012,GUIDONIA MONTECELIO,Casa di cura privata accreditata,,,41.9844401,12.7148037,0,E263
roma,Nomentana Hospital srl,LARGO NICOLA BERLOCO 1,00013,FONTE NUOVA,Casa di cura privata accreditata,,,41.9962545,12.6236212,1,M309
roma,Casa di Cura Villa Luana,VIA TIVOLI 66,00010,POLI,Casa di cura privata accreditata,villaluana@tiscali.it,,42.0646148,12.7704109,0,G784
roma,OSP. VILLA ALBANI ANZIO,VIA ALDOBRANDINI 32,00042,ANZIO,Ospedale a gestione diretta,,,41.4474703,12.6274367,0,A323
roma,OSP. ANZIO-NETTUNO,VIA CUPA DEI MARMI ANZIO,00042,ANZIO,Ospedale a gestione diretta,dir.sanitariapoloh4@aslromah.it,,41.4614427,12.6350954,0,A323
roma,OSPEDALE SAN GIUSEPPE ALBANO L.,VIA OLIVELLA,00041,ALBANO LAZIALE,Ospedale a gestione diretta,,,41.7299685,12.6448788,0,A132
roma,OSPEDALE E. DE SANTIS GENZANO,VIA ACHILLE GRANDI,00045,GENZANO DI ROMA,Ospedale a gestione diretta,,,41.7044764,12.6796748,0,D972
roma,OSP. S.SEBASTIANO FRASCATI,VIA TUSCOLANA,00044,FRASCATI,Ospedale a gestione diretta,,,41.8412955,12.5862858,0,D773
roma,OSP. S.GIUSEPPE MARINO,VIALE XXIV MAGGIO,00047,MARINO,Ospedale a gestione diretta,,,41.7698189,12.667271,0,E958
roma,OSP.'PAOLO COLOMBO' VELLETRI,VIA ORTI GINNETTI 7,00049,VELLETRI,Ospedale a gestione diretta,,,41.6844119,12.7798694,0,L719
roma,OSP. ARICCIA,VIALE A.GHIGI 64,00040,ARICCIA,Ospedale a gestione diretta,ospedale.ariccia@aslromah.it,,41.720709,12.6713481,1,A401
roma,OSP. REGINA APOSTOLORUM ALBANO,VIA S.FRANCESCO 50,00041,ALBANO LAZIALE,"Ospedale classificato o assimilato ai sensi dell'art. 1, ultimo comma, della Legge 132/1968",segrdirsanitaria@reginaapostolorum.it,www.reginaapostolorum.it,41.7288894,12.6582689,1,A132
roma,VILLA DELLE QUERCE-POLIGEST,VIA DELLE VIGNE   19   ,00040,NEMI,Casa di cura privata accreditata,poligest@tiscali.it,www.icr_villadellequerce.it,41.7148089,12.7167956,0,F865
roma,C.D.C. MADONNA DELLE GRAZIE,VIALE SALVO DACQUISTO 67,00049,VELLETRI,Casa di cura privata accreditata,,,41.673575549999995,12.777069106020267,0,L719
roma,C.D.C. SAN RAFFAELE ROCCA DI PAPA,VIA ARICCIA 16,00040,ROCCA DI PAPA,Casa di cura privata accreditata,,,41.74638075,12.696835182743378,0,H404
roma,C.D.C. VILLA DEI PINI-MERINVEST,VIA CASAL DI BROCCO 19,00042,ANZIO,Casa di cura privata accreditata,,,41.4471008,12.6285618,1,A323
roma,CASA DI CURA S.ANNA POMEZIA,VIA DEL MARE 6971,00040,POMEZIA,Casa di cura privata accreditata,,,41.7236989,12.6078129,0,G811
roma,C.D.C. SANTï¿½ANNA SRL,VIA S.ANNA SNC,00046,GROTTAFERRATA,Casa di cura privata accreditata,mario.morvillo@gruppoini.it-arianna.leandri,www.gruppoini.it,41.788616,12.6667408,1,E204
roma,C.d.C San Raffaele Montecompatri,VIA S. SILVESTRO67,00040,MONTE COMPATRI,Casa di cura privata accreditata,,,41.808918,12.737784,1,F477
roma,AZ.OSP.SAN CAMILLO-FORLANINI,CIRCONVALLAZIONE GIANICOLENSE 87,00152,ROMA,Azienda Ospedaliera,,www.scamilloforlanini.rm.it,41.86907795,12.4564682013423,0,H501
roma,AZIENDA OSP. S.GIOVANNI/ADDOLORATA ROMA,VIA DELL`AMBA ARADAM 9,00184,ROMA,Azienda Ospedaliera,,portale.hsangiovanni.roma.it,41.8845867,12.5014101,0,H501
roma,OSPEDALE PEDIATRICO BAMBINO GESU`,PIAZZA S.ONOFRIO 4,00165,ROMA,IRCCS privato,,,41.8933203,12.4829321,1,H501
roma,OSPEDALE PEDIATRICO BAMBINO GESU`,VIA TORRE DI PALIDORO,00050,FIUMICINO,IRCCS privato,,,41.9152522,12.14641904143787,0,M297
roma,OSPEDALE PEDIATRICO BAMBINO GESU`,LUNGOMARE GUGLIELMO MARCONI 36,00058,SANTA MARINELLA,IRCCS privato,,,42.032782,11.8532697,0,I255
roma,POLICLINICO UNIVERSITARIO A. GEMELLI,LARGO AGOSTINO GEMELLI 8,00168,ROMA,Policlinico universitario privato,,,41.9297606,12.4286602,0,H501
roma,COMPLESSO INTEGRATO COLUMBUS (C.I.C.),LARGO MOSCATI 31/33,00168,ROMA,Policlinico universitario privato,,,41.8933203,12.4829321,1,H501
roma,POLICLINICO U. I,VIALE DEL POLICLINICO 155,00161,ROMA,Azienda Ospedaliera universitaria integrata con il Servizio Sanitario Nazionale,direzione.generale@policlinicoumberto1.it,www.policlinicoumberto1.it,41.9065837,12.5095494,0,H501
roma,IFO - ISTITUTO REGINA ELENA,VIA ELIO CHIANESI,00144,ROMA,IRCCS pubblico,gattei@ifo.it,www.ifo.it,41.802814,12.4481955,0,H501
roma,IFO - ISTITUTO SAN GALLICANO,VIA ELIO CHIANESI 53,00144,ROMA,IRCCS pubblico,gattei@ifo.it,www.ifo.it,41.8021119,12.4479814,0,H501
roma,I.R.C.C.S. S. LUCIA,VIA ARDEATINA 306,00179,ROMA,IRCCS fondazione,a.salvia@hsantalucia.it,www.hsantalucia.it,41.8276212,12.5184114,0,H501
roma,IRCCS SAN RAFFAELE PISANA,VIA DELLA PISANA 235,00163,ROMA,IRCCS privato,,,41.8806711,12.4171855,0,H501
roma,POLICL. UNIV. CAMPUS BIO MEDICO,VIA ALVARO DEL PORTILLO 21,00128,ROMA,Policlinico universitario privato,direzionesanitaria@unicampus.it,www.unicampus.it,41.7671607,12.4701059,0,H501
roma,INMI 'L.SPALLANZANI' - IRCCS,VIA PORTUENSE292,00149,ROMA,IRCCS pubblico,dirsan@inmi.it,www.inmi.it,41.8933203,12.4829321,1,H501
roma,AZIENDA OSPEDALIERA SANT`ANDREA,VIA DI GROTTAROSSA 1035  1039,00189,ROMA,Azienda Ospedaliera integrata con l'UniversitÃ ,direzione.generale@ospedalesantandrea.it,www.ospedalesantandrea.it,41.9728228,12.4486529,0,H501
roma,AZ. OSP. UNIV. POLICLINICO TOR VERGATA,VIALE OXFORD  81,00133,ROMA,Azienda Ospedaliera integrata con l'UniversitÃ ,,,41.8581846,12.6303302,0,H501
napoli,CASA DI CURA OSPEDALE FATEBENEFRATELLI,VIA A. MANZONI 220,80123,NAPOLI,"Ospedale classificato o assimilato ai sensi dell'art. 1, ultimo comma, della Legge 132/1968",,www.ospedalebuonconsiglio.it,40.8359336,14.2487826,1,F839
napoli,CASA DI CURA OSP. INTERNAZIONALE,VIA TORQUATO TASSO 38,80122,NAPOLI,Casa di cura privata accreditata,info.ospedaleinternazionale@italia.it,,40.837773,14.2178429,0,F839
napoli,ALMA MATER S.p.A. 'Villa Camaldoli',VIA ANTONIO CINQUE 93/95,80131,NAPOLI,Casa di cura privata accreditata,,www.villacamaldoli.it,40.8692033,14.2029941,0,F839
napoli,CASA DI CURA VILLA ANGELA,VIA A. MANZONI 141/C  ,80122,NAPOLI,Casa di cura privata accreditata,villaangelasrl@libero.it,www.villaangela.it,40.8359336,14.2487826,1,F839
napoli,CASA DI CURA CLINIC CENTER S.p.A.,VIALE MARIA BAKUNIN 171,80126,NAPOLI,Casa di cura privata accreditata,info@cliniccenter.it,www.cliniccenter.it,40.8349735,14.1889334,0,F839
napoli,HERMITAGE CAPODIMONTE S.p.A.,VIA CUPA DELLE TOZZOLE 2,80131,NAPOLI,Casa di cura privata accreditata,info@hermitagecapodimonte.it,www.hermitagecapodimonte.it,40.8359336,14.2487826,1,F839
napoli,CASA DI CURA VILLA DELLE QUERCE,VIA BATTISTELLO CARACCIOLO 48,80136,NAPOLI,Casa di cura privata accreditata,direzione@clinicavilladellequercespa.it,,40.8531955,14.235692,0,F839
napoli,CASA DI CURA RUESH S.p.A.,VIALE MARIA  CRISTINA DI SAVOIA  39,80122,NAPOLI,Casa di cura privata non accreditata,info@clinicaruesch.it,www.clinicaruesch.it,40.8373085,14.2201359,0,F839
napoli,CLINICA VESUVIO S.R.L.,VIA L. VOLPICELLA 493,80147,NAPOLI,Casa di cura privata accreditata,info@clinicavesuvio.com,,40.8359336,14.2487826,1,F839
napoli,CLINICA MEDITERRANEA S.p.A.,VIA ORAZIO 2,80122,NAPOLI,Casa di cura privata accreditata,dirsan@clinicamediterranea.it,www.clinicamediterranea.it,40.827096100000006,14.218960997909669,0,F839
napoli,CLINICA SANTA PATRIZIA,SS 7BIS TRAV PRIV RICCI 19,80144,NAPOLI,Casa di cura privata accreditata,clinicasantapatrizia@alice.it,,40.8359336,14.2487826,1,F839
napoli,CASA DI CURA VILLA CINZIA,VIA EPOMEO 74/76,80126,NAPOLI,Casa di cura privata accreditata,villacinziasrl@alice.it,,40.8359336,14.2487826,1,F839
napoli,VILLA BIANCA S.p.A.,VIA B. CAVALLINO 102,80131,NAPOLI,Casa di cura privata accreditata,info@clinicavillabianca.it,www.pinetagrande.it,40.8359336,14.2487826,1,F839
napoli,CLINICA SANATRIX SPA,VIA S. DOMENICO 31,80127,NAPOLI,Casa di cura privata accreditata,info@sanatrix.it,www.sanatrix.it,40.8444919,14.2102588,0,F839
napoli,FONDAZIONE EVANGELICA BETANIA,VIA ARGINE  604,80147,NAPOLI,"Ospedale classificato o assimilato ai sensi dell'art. 1, ultimo comma, della Legge 132/1968",segreteria.dirsan@villabetania.org,www.villabetania.org,40.8589816,14.331692546285879,0,F839
napoli,PO SAN GIOVANNI BOSCO,VIA F. M. BRIGANTI 255,80144,NAPOLI,Ospedale a gestione diretta,dir.sangiovannibosco@aslnapoli1centro.it,www.aslnapoli1centro.it,40.8359336,14.2487826,1,F839
napoli,PO LORETO MARE,VIA A. VESPUCCI 86,80142,NAPOLI,Ospedale a gestione diretta,sdo.loretomare@aslnapoli1centro.it,www.aslnapoli1centro.it,40.8359336,14.2487826,1,F839
napoli,PO ASCALESI,VIA EGIZIACA A FORCELLA 31,80131,NAPOLI,Ospedale a gestione diretta,dirsan.ascalesi@pec.aslnapoli1centro.it,www.aslnapoli1centro.it,40.8505177,14.2639436,0,F839
napoli,PRESDIO SANITARIO INTERMEDIO NAPOLI EST,VIA CICCARELLI 1,80147,NAPOLI,Ospedale a gestione diretta,sdopsinaest@aslnapoli1centro.it,www.slnapoli1centro.it,40.8453268,14.3198933,0,F839
napoli,PO SAN PAOLO,VIA TERRACINA 219,80125,NAPOLI,Ospedale a gestione diretta,dir.san.sanpaolo@aslnapoli1centro.it,www.aslnapoli1centro.it,40.8326309,14.1967862,0,F839
napoli,PO DEI PELLEGRINI,VIA PORTA MEDINA ALLA PIGNASECCA 41,80134,NAPOLI,Ospedale a gestione diretta,dir.san.pellegrini@alnapoli1centro.it,www.aslnapoli1centro.it,40.8359336,14.2487826,1,F839
napoli,PO SAN GENNARO,VIA S. GENNARO DEI POVERI 25,80136,NAPOLI,Ospedale a gestione diretta,dir.sangennaro@aslnapoli1centro.it,www.aslnapoli1centro.it,40.8611893,14.2476174,0,F839
napoli,PO SMDP INCURABILI,VIA M. LONGO 50,80138,NAPOLI,Ospedale a gestione diretta,dir.san.incurabili@aslnapoli1centro.it,www.aslnapoli1centro.it,40.8359336,14.2487826,1,F839
napoli,PO  Capilupi CAPRI,VIA PROVINCIALE ANACAPRI 1,80073,CAPRI,Ospedale a gestione diretta,,,40.5535363,14.2314108,0,B696
napoli,OSPEDALE CIVILE S. GIOVANNI DI DIO,VIA PIROZZI 66,80027,FRATTAMAGGIORE,Ospedale a gestione diretta,ospedale.frattamaggiore@aslnapoli2nord.it,www.aslnapoli2nord.it,40.9252065,14.196206,0,D789
napoli,OSPEDALE SAN GIULIANO,VIA G.B. BASILE,80014,GIUGLIANO IN CAMPANIA,Ospedale a gestione diretta,ospedale.giugliano@aslnapoli2nord.it,www.aslnapoli2nord.it,40.9286872,14.2006989,1,E054
napoli,OSPEDALE RIZZOLI,VIA FUNDERA  LACCO AMENO,80076,LACCO AMENO,Ospedale a gestione diretta,ospedale.ischia@aslnapoli2nord.it,,40.7502488,13.8966376,0,E396
napoli,CASA DI CURA VILLA DEI FIORI  SRL,CORSO ITALIA 157,80011,ACERRA,Casa di cura privata accreditata,vetrella@tin.it,www.villadeifioriacerra.it,40.93579665,14.36741646728579,0,A024
napoli,CASA DI CURA VILLA MAIONE,VIA E.FERMI 59,80010,VILLARICCA,Casa di cura privata accreditata,clinicavillamaione@pec.it,www.villamaione.com,40.9162505,14.1963444,0,G309
napoli,CASA DI CURA 'CLINICA S.ANTIMO',VIA  GIOVANNI FALCONE 121,80025,CASANDRINO,Casa di cura privata accreditata,clinicasantimo@tiscali.it,www.clinicasant'antimo.it,40.934504,14.2430219,0,B925
napoli,CASA DI CURA VILLA DEI FIORI,CORSO ITALIA 110,80018,MUGNANO DI NAPOLI,Casa di cura privata accreditata,liugi.bianco@hcitalia.it,www.hcitalia.it,40.9189775,14.1889501,0,F799
napoli,ISTITUTO DI CURA MARIA SS.DELLA PIETA`,VIA S. ROCCO 9,80026,CASORIA,Istituto qualificato presidio della U.S.L.,direzionesanitaria@ospedalecamilliani.it,www.ospedalecamilliani.it,40.90467155,14.29322996555271,0,B990
napoli,OSP.CIV. GAETANINA SCOTTO,VIA DE GASPERI LOC CENT,80079,PROCIDA,Ospedale a gestione diretta,dirsan.po54@asl2.napoli.it,,40.7649991,14.0239063,1,H072
napoli,OSPEDALE S.M.DELLE GRAZIE,VIA DOMITIANA LOCALITA` LA SCHIANA,80078,POZZUOLI,Ospedale a gestione diretta,,,40.822643,14.1219109,1,G964
napoli,CENTRO HERA SRL ' CLINIC CENTER HERA ',VIA S.CATERINA DA SIENA 36,80014,GIUGLIANO IN CAMPANIA,Casa di cura privata non accreditata,a.quaranta@clinicahera.it,www.clinicahera.it,40.9286872,14.2006989,1,E054
napoli,CASA DI CURA ' LA MADONNINA ' SRL,VIA ROMA  29,80040,SAN GENNARO VESUVIANO,Casa di cura privata accreditata,casadicuralamadonnina@libero.it,,40.8514572,14.4795955,0,H860
napoli,CASA DI CURA  ' N.S. DI LOURDES ' SPA,VIA TULLIO BOCCARUSSO 1,80040,MASSA DI SOMMA,Casa di cura privata accreditata,info.@clinicalourdes.it,,40.8476313,14.3743024,1,M289
napoli,CASA DI CURA S. MARIA LA BRUNA SRL,VIA NAZIONALE 627,80059,TORRE DEL GRECO,Casa di cura privata accreditata,smlb@email.it,,40.768398149999996,14.408879892971598,0,L259
napoli,CASA DI CURA VILLA STABIA,VIALE EUROPA 77,80053,CASTELLAMMARE DI STABIA,Casa di cura privata accreditata,,,40.6990213,14.4888053,0,C129
napoli,S. PAOLO S.P.A. CASA DI CURA VILLA ELISA,VIA  NAZ.LE  DELLE  PUGLIE  KM.54700,80032,CASAMARCIANO,Casa di cura privata accreditata,spaolosp@excite.it,,40.9316178,14.5534765,1,B922
napoli,CARDIOMED S.p.A.,VIA  SAN GIOVANNI BOSCO  3,80044,OTTAVIANO,Casa di cura privata accreditata,cardiomed1@pec.it,www.casadicuratrusso.it,40.8498175,14.4901274,1,G190
napoli,CASA DI CURA MARIA ROSARIA SPA,VIA COLLE S. BARTOLOMEO 50,80045,POMPEI,Casa di cura privata accreditata,,WWw.mariarosaria.it,40.747661,14.4950985,0,G813
napoli,STAZIONE CLIMATICA BIANCHI srl,VIA LIBERTÃ 342,80055,PORTICI,Casa di cura privata accreditata,,,40.9008632,14.277007,0,G902
napoli,CASA DI SALUTE  S.LUCIA  SRL,VIA AIELLI,80047,SAN GIUSEPPE VESUVIANO,Casa di cura privata accreditata,csslucia@libero.it,www.clinicasantalucia.it,40.829811,14.504436,1,H931
napoli,CASA DI CURA A.GRIMALDI,VIA MARCONI 10,80046,SAN GIORGIO A CREMANO,Casa di cura privata accreditata,,,40.8911968,14.2786759,0,H892
napoli,IOS - CASA DI CURA ' MELUCCIO'  SRL,VIA  F. PIROZZI  20,80038,POMIGLIANO D'ARCO,Casa di cura privata accreditata,casadicurameluccio@medicinafutura.com,,40.907912,14.386233,1,G812
napoli,IOS - EX CLINICA ' S. FELICE'  SRL,VIA  MAURO LEONE  106,80038,POMIGLIANO D'ARCO,Casa di cura privata accreditata,clinicasanfelice1@virgilio.it,,40.907912,14.386233,1,G812
napoli,CASA DI CURA S.MARIA DEL POZZO,VIA  POMIGLIANO  40,80049,SOMMA VESUVIANA,Casa di cura privata accreditata,acc.ricoveri@cemsmdp.it,,40.8857166,14.4285457,0,I820
napoli,P.O. MARESCA,VIA MONTEDORO,80059,TORRE DEL GRECO,Ospedale a gestione diretta,,,40.7980893,14.3820081,0,L259
napoli,P.O.  BOSCOTRECASE,VIA LENZE,80042,BOSCOTRECASE,Ospedale a gestione diretta,,,40.7663221,14.4546097,0,B077
napoli,S.  LEONARDO,VIALE EUROPA,80053,CASTELLAMMARE DI STABIA,Ospedale a gestione diretta,,,40.7063361,14.4886079,0,C129
napoli,NUOVO GRAGNANO,VIA MARIANNA SPAGNUOLO,80054,GRAGNANO,Ospedale a gestione diretta,,,40.6919543,14.5226255,0,E131
napoli,P.O. S. MARIA DELLA MISERICORDIA,CORSO ITALIA 1,80067,SORRENTO,Ospedale a gestione diretta,,,40.62666,14.3798407,0,I862
napoli,P.O. DE LUCA E ROSSANO,VIA CACCIOPPOLI,80069,VICO EQUENSE,Ospedale a gestione diretta,,,40.6612361,14.4259284,0,L845
napoli,OSPEDALI RIUNITI AREA NOLANA PLESSO NOLA,VIA DELLA REPUBBLICA 7,80035,NOLA,Ospedale a gestione diretta,dir.san.ospnola@aslnapoli4.it,,40.9248199,14.5419127,0,F924
napoli,OSPED RIUNITI AREA NOLANA PLESSO POLLENA,VIA MASSA SOMMA,80040,POLLENA TROCCHIA,Ospedale a gestione diretta,dir.san.ospnola@aslnapoli4.it,,40.8532978,14.3769296,0,G795
napoli,AZIENDA OSPEDALIERA 'A. CARDARELLI',VIA A.CARDARELLI 9,80131,NAPOLI,Azienda Ospedaliera,direzione.generale@aocardarelli.it,www.ospedalecardarelli.it,40.8359336,14.2487826,1,F839
napoli,OSPEDALE SANTOBONO,VIA M.FIORE 6,80129,NAPOLI,Azienda Ospedaliera,,,40.8359336,14.2487826,1,F839
napoli,Ospedale Pausilipon,VIA POSILLIPO 226,80122,NAPOLI,Azienda Ospedaliera,dirsanpaus@libero.it,,40.8213666,14.2143853,0,F839
napoli,P.O. S.S. Annunziata,VIA EGIZIACA A FORCELLA 18,80139,NAPOLI,Azienda Ospedaliera,,,40.8505177,14.2639436,0,F839
napoli,Azienda Ospedaliera dei Colli -P Monaldi,VIA L. BIANCHI,80131,NAPOLI,Azienda Ospedaliera,,www.ospedalemonaldi.it,40.8706618 ,14.2096027,0,F839
napoli,Azienda Ospedaliera dei Colli -P Cotugno,VIA QUAGLIARIELLO,80131,NAPOLI,Azienda Ospedaliera,,www.ospedalemonaldi.it,40.6742806,14.7882237,0,F839
napoli,Azienda Ospedaliera dei Colli -P  CTO,VIALE COLLI AMINEI 21,80131,NAPOLI,Azienda Ospedaliera,,www.ospedalemonaldi.it,40.8683211,14.2319164,0,F839
napoli,AZIENDA OSPEDALIERA UNIVERSITARIA UNICAM,VIA COSTANTINOPOLI 104,80138,NAPOLI,Azienda Ospedaliera universitaria integrata con il Servizio Sanitario Nazionale,mariarosaria.cuocolo@uninacampania.it,www.policliniconapoli.it,40.8359336,14.2487826,1,F839
napoli,A.O.U. 'FEDERICO II' DI NAPOLI,VIA SERGIO PANSINI 5,80100,NAPOLI,Azienda Ospedaliera universitaria integrata con il Servizio Sanitario Nazionale,egidiorosanna@yahoo.it,www.policlinico.unina.it,40.8635176,14.2210855,0,F839
napoli,ISTITUTO NAZIONALE TUMORI DI NAPOLI,VIA MARIANO SEMMOLA,80131,NAPOLI,IRCCS pubblico,direzione.generale@istitutotumori.na.it,www.istitutotumori.na.it/,40.8615674,14.2215633,0,F839
palermo,FOND. IST. S. RAFFAELE - GIGLIO,CONTRADA PIETRAPOLLASTRA,90015,CEFALù,Istituto qualificato presidio della U.S.L.,direzionegenerale@hsrgiglio.it,,38.034957,14.0244562,1,C421
palermo,OSP. BUCCHERI LA FERLA FATEBENEFRATELLI,VIA M. MARINE 197,90127,PALERMO,"Ospedale classificato o assimilato ai sensi dell'art. 1, ultimo comma, della Legge 132/1968",scaletta.gino@fbf.it - piscopa.giulia@fbf.it,www.ospedalebuccherilaferla.it,38.1112268,13.3524434,1,G273
palermo,P.O. DEI BIANCHI CORLEONE,VIA DON G. COLLETTO,90034,CORLEONE,Ospedale a gestione diretta,dirsancorleone@asppalermo.org,,37.8120779,13.3014383,1,D009
palermo,P.O. CIVICO PARTINICO,VIA CIRCONVALLAZIONE,90047,PARTINICO,Ospedale a gestione diretta,segretaria.partinoco@asppalermo.org,,38.092152,13.172761,0,G348
palermo,P.O. MADONNA DELL'ALTO - PETR. SOTTANA,CONTRADA SANTA ELIA,90027,PETRALIA SOTTANA,Ospedale a gestione diretta,dirsanpetralia@ausppalermo.org,,37.825297,14.070661,0,G511
palermo,P.O. S. CIMINO TERMINI IMERESE,VIA SALVATORE CIMINO,90018,TERMINI IMERESE,Ospedale a gestione diretta,direzionesantermini@asppalermo.org,,37.983651,13.695554,1,L112
palermo,P.O. G. F. INGRASSIA,CORSO CALATAFIMI 1002,90100,PALERMO,Ospedale a gestione diretta,,,38.094027,13.309984,0,G273
palermo,P.O. VILLA DELLE GINESTRE,VIA CASTELLANA 145,90135,PALERMO,Ospedale a gestione diretta,villadelleginestre@asppalermo.org,,38.1258614,13.3139317,0,G273
palermo,CASA DI CURA IGEA S.N.C.,VIA ROMA 193,90047,PARTINICO,Casa di cura privata accreditata,info@igeacasadicura.it,wwwigeacasadicura.it,38.0467688,13.114897,0,G348
palermo,CASA DI CURA CANDELA SPA,VIA VILLAREALE  54,90141,PALERMO,Casa di cura privata accreditata,info@clinicacandela.it,wwwclinicacandela.it,38.1112268,13.3524434,1,G273
palermo,CASA DI CURE ORESTANO S.R.L.,VIA PIETRO D`ASARO N 48,90138,PALERMO,Casa di cura privata accreditata,info@casadicuraorestano.it,,38.1218767,13.3480092,0,G273
palermo,CASA DI CURA 'TRIOLO ZANCLA' S.P.A.,PIAZZA FONDERIA 23,90133,PALERMO,Casa di cura privata accreditata,direzione@triolozancla.com,,38.119487649999996,13.366331455092611,0,G273
palermo,CASA DI CURA SERENA S.P.A.,VIA DELLA REGIONE SICILIANA 1470,90135,PALERMO,Casa di cura privata accreditata,info@casadicuraserena.it,wwwcasadicuraserena.it,38.1471328,13.3274076,0,G273
palermo,CASA DI CURA NOTO PASQUALINO S.R.L.,VIA DANTE 330,90141,PALERMO,Casa di cura privata accreditata,clinicanotosrl@libero.it,wwwclinicanoto.it,38.1239591,13.3516592,0,G273
palermo,NUOVA CASA DI CURA D`ANNA PIA ASS. SRL,VIALE REGIONE SICILIANA 900 SUD EST,90129,PALERMO,Casa di cura privata accreditata,protocollo@pec.nuovacasadicuradanna.it,,38.1112268,13.3524434,1,G273
palermo,NUOVA CASA DI CURA DEMMA srl,VIALE REGINA MARGHERITA 5,90138,PALERMO,Casa di cura privata accreditata,,,38.1202481,13.3431928,0,G273
palermo,CASA DI CURA MACCHIARELLA S.P.A.,VIALE REGINA MARGHERITA 25,90138,PALERMO,Casa di cura privata accreditata,dsmacchiarella@libero.it,,38.1202481,13.3431928,0,G273
palermo,CASA DI CURA TORINA,VIA F. SPALLITTA 18,90145,PALERMO,Casa di cura privata accreditata,casadicuratorina@katamail.com,,38.1112268,13.3524434,1,G273
palermo,CASA DI CURA VILLA MARGHERITA,VIA MARCHESE DI VILLABIANCA 6,90143,PALERMO,Casa di cura privata accreditata,,,38.1397133,13.3488338,0,G273
palermo,COSENTINO HOSPITAL S.R.L.,CORSO DEI MILLE 56,90123,PALERMO,Casa di cura privata accreditata,dirgen@gvm-vme.it,,38.1037389,13.3776085,0,G273
palermo,CASA DI CURA LA MADDALENA S.P.A.,VIA S. LORENZO COLLI 312/D,90146,PALERMO,Casa di cura privata accreditata,info@la maddalena.it,www.lamaddalenanet.it,38.1112268,13.3524434,1,G273
palermo,CENTRO ANDROS S.R.L.,VIA AUSONIA 43/45,90144,PALERMO,Casa di cura privata accreditata,info@centro andros.it,www.centroandros.it,38.1484221,13.3357165,0,G273
palermo,CASA DI CURA LATTERI S.R.L.,VIA F. CORDOVA 62,90143,PALERMO,Casa di cura privata accreditata,clinicalatteri@casadicuralatteri.it,www.casadicuralatteri.it,38.1112268,13.3524434,1,G273
palermo,CASA DI CURA VILLA MARIA ELEONORA,VIALE REGIONE SICILIANA 1571,90135,PALERMO,Casa di cura privata accreditata,DIRIGEN@GVM-VME.IT,WWW.GVM-VME.IT,38.0826622,13.2806095,0,G273
palermo,P.O. Villa Sofia,PIAZZETTA SALERNO  1,90146,PALERMO,Azienda Ospedaliera,direzionepresidio@villasofia.it,www.ospedaliriunitipalermo.it,40.717273899999995,14.906833988968398,0,G273
palermo,C.T.O. Centro Traumatologico Ortopedico,VIA CASSARÃ,90146,PALERMO,Azienda Ospedaliera,direzionepresidio@ospedaliriunitipalermo.it,www.ospedaliriunitipalermo.it,38.0832448,13.2912601,0,G273
palermo,P.O. V. Cervello,VIA TRABUCCO  180,90146,PALERMO,Azienda Ospedaliera,direzionepresidiocervello@villasofia.it,www.ospedaliriunitipalermo.it,38.1452255,13.3154127,0,G273
palermo,Ospedale Civico,PIAZZA NICOLA LEOTTA,90127,PALERMO,Azienda Ospedaliera,dir.san.civico@ospedalecivicopa.org,wwwospedalecivicopa.org,38.1112268,13.3524434,1,G273
palermo,Ospedale dei Bambini G. Di Cristina,VIA DELLE BENEDETTINE,90134,PALERMO,Azienda Ospedaliera,,,38.1112268,13.3524434,1,G273
palermo,AZ.OSP.UNIV.P.GIACCONE,VIA DEL VESPRO  129,90127,PALERMO,Azienda Ospedaliera universitaria integrata con il Servizio Sanitario Nazionale,infosys@policlinico.pa.it,www.policlinico.pa.it,38.1037909,13.3626805,0,G273
palermo,ismett,VIA ERNESTO TRICOMI 5,90133,PALERMO,IRCCS privato,mail@ismett.edu,www.ismett.edu,38.1014489,13.3569565,0,G273
palermo,Dipartimento Rizzoli-Sicilia,SS13 AL KM 246,90011,BAGHERIA,IRCCS pubblico,segreteriarizzolisicilia@ior.it,http://www.ior.it/rizzoli-sicilia/home,38.079351,13.509349,1,A546
